checking_status_'no checking',age,credit_history_normal,other_parties_guarantor,checking_status_'>=200',savings_status_'<100',installment_commitment,credit_amount,personal_status_'male single',other_payment_plans_none,other_parties_none,purpose_normal,employment_'4<=X<7',savings_status_'>=1000',savings_status_'no known savings',checking_status_'<0',employment_'<1',employment_unemployed,property_magnitude_'no known property',class
False,36,False,False,False,True,2,1372,False,True,True,False,True,False,False,True,False,False,False,1
True,27,False,False,False,True,4,6314,True,False,False,True,False,False,False,False,False,True,True,0
False,37,False,False,False,True,3,1274,False,True,True,False,False,False,False,True,True,False,False,1
True,42,False,False,False,True,2,10366,True,True,True,False,False,False,False,False,False,False,False,0
False,22,True,False,False,False,4,2828,True,False,True,False,False,False,False,True,False,False,False,0
True,46,False,False,False,False,2,6842,True,True,True,False,False,False,True,False,False,False,False,0
False,32,False,False,False,False,4,1285,False,True,True,False,True,False,True,True,False,False,True,1
True,54,False,False,False,True,1,672,False,True,True,False,False,False,False,False,False,True,False,0
False,57,False,False,False,True,4,14318,True,True,True,False,False,False,False,False,False,False,True,1
False,28,False,False,False,True,3,1797,True,False,True,True,False,False,False,True,True,False,False,0
False,61,True,False,False,True,4,1953,True,True,True,True,False,False,False,False,False,False,True,1
False,25,False,False,False,True,4,1882,False,False,True,False,False,False,False,True,False,False,False,1
False,33,False,False,True,True,2,2319,False,True,True,True,False,False,False,False,True,False,False,1
True,28,False,False,False,False,1,2142,False,True,True,True,False,True,False,False,False,False,False,0
False,23,False,False,True,True,3,1961,False,True,True,False,False,False,False,False,False,False,False,0
True,46,False,False,False,True,1,3594,False,True,True,False,False,False,False,False,True,False,False,0
False,38,False,False,False,False,2,3512,True,False,True,False,True,False,False,False,False,False,False,0
True,43,False,False,False,True,4,1935,True,True,True,False,False,False,False,False,False,False,False,0
False,23,False,False,True,True,4,1275,False,True,True,False,False,False,False,False,True,False,False,0
True,47,False,False,False,True,4,2538,True,True,True,False,False,False,False,False,False,False,False,1
False,50,False,False,True,True,2,1047,False,True,True,True,False,False,False,False,False,False,False,0
True,25,False,False,False,False,4,5511,True,False,True,False,False,False,False,False,False,False,False,0
False,25,True,False,False,False,2,8072,True,False,True,True,False,False,True,True,True,False,False,0
False,24,False,False,False,True,2,2145,True,True,True,True,True,False,False,True,False,False,False,1
True,29,False,False,False,True,2,2171,False,False,True,False,False,False,False,False,True,False,False,0
True,36,False,False,False,False,4,4042,True,True,True,False,False,False,False,False,False,False,False,0
False,33,True,False,True,True,2,6289,False,True,True,True,False,False,False,False,True,False,False,0
False,45,False,False,False,True,3,4006,True,True,True,False,False,False,False,True,False,False,False,1
True,63,False,False,False,True,2,1655,True,True,True,False,False,False,False,False,False,False,False,0
True,55,False,False,False,False,4,1555,True,True,True,True,False,True,False,False,False,False,True,1
False,37,False,False,True,True,4,2100,True,False,False,False,False,False,False,False,False,False,False,1
False,24,False,False,False,False,2,2030,True,True,True,False,True,False,True,False,False,False,False,0
True,63,False,False,False,False,4,1520,True,True,True,False,False,False,True,False,False,False,False,0
True,38,False,False,False,True,4,1495,True,True,True,False,False,False,False,False,False,False,False,0
False,49,True,False,True,False,4,1445,True,False,True,False,True,False,True,False,False,False,False,0
False,27,False,False,True,False,2,709,False,True,True,False,False,True,False,False,True,False,False,0
False,31,False,False,False,True,4,1935,False,True,True,True,False,False,False,False,False,False,False,1
True,26,False,False,False,False,2,2445,False,True,True,False,False,False,True,False,True,False,False,0
False,31,True,False,False,False,3,6148,False,False,True,False,False,False,False,False,False,False,False,0
False,40,False,False,False,True,1,3939,True,True,True,False,False,False,False,True,False,False,False,0
False,35,False,False,False,False,4,1549,True,True,True,False,False,False,True,False,True,False,False,0
True,30,False,False,False,True,4,1055,False,True,True,False,False,False,False,False,True,False,False,0
False,48,False,True,False,True,3,1795,False,False,False,False,False,False,False,False,False,False,False,0
True,43,False,False,False,True,4,1459,False,True,True,False,False,False,False,False,False,False,False,0
False,29,False,False,False,False,4,2333,True,False,True,False,False,False,True,False,True,False,False,0
True,34,False,False,False,True,2,2320,False,True,True,False,False,False,False,False,False,True,False,0
False,24,False,False,False,True,4,2124,False,True,True,False,False,False,False,True,False,False,False,1
False,26,True,False,False,False,4,4280,False,True,True,True,False,False,False,False,False,False,False,1
True,28,False,False,False,True,4,3343,True,True,True,False,False,False,False,False,False,False,True,0
True,35,False,False,False,False,2,8858,True,True,True,False,True,False,True,False,False,False,True,0
False,28,False,False,True,False,2,1323,False,True,True,False,False,False,False,False,False,False,False,0
True,40,False,False,False,False,3,2675,True,True,True,False,False,False,False,False,False,False,False,0
False,57,False,False,False,True,4,709,True,False,True,False,False,False,False,True,False,False,False,1
False,25,True,False,False,False,2,1264,False,True,True,False,False,False,False,False,False,False,False,1
False,35,False,False,False,False,1,1410,False,True,True,True,False,False,False,False,False,False,False,0
False,34,False,True,False,True,3,2415,True,True,False,False,False,False,False,False,False,False,False,0
False,20,False,False,False,True,4,585,False,True,False,False,False,False,False,False,False,False,False,0
False,37,False,False,False,True,4,1922,True,True,True,False,False,False,False,False,False,False,False,1
False,24,False,False,False,False,4,1275,False,True,True,True,False,False,True,True,False,False,False,1
False,24,False,False,False,False,1,7472,False,True,True,False,False,False,True,False,False,True,False,0
False,55,True,False,False,True,2,6872,False,False,True,False,False,False,False,True,True,False,False,1
True,37,False,False,False,True,1,3380,False,True,True,False,True,False,False,False,False,False,False,0
False,31,True,False,False,True,4,2746,True,False,True,False,False,False,False,True,False,False,False,1
True,53,False,False,False,False,3,2835,True,True,True,False,False,False,False,False,False,False,False,0
False,48,False,True,False,False,3,1288,True,True,False,True,False,False,False,True,False,False,False,0
False,60,False,False,False,True,3,2246,True,True,True,False,False,False,False,True,False,False,False,1
False,36,False,False,True,True,2,2247,False,False,True,False,False,False,False,False,False,False,False,0
True,32,False,False,False,False,4,4526,True,False,True,False,False,True,False,False,True,False,False,0
True,61,False,False,False,True,4,1255,True,True,True,False,False,False,False,False,False,False,False,0
False,21,False,True,False,True,4,1289,True,True,False,False,False,False,False,True,False,False,False,0
True,33,False,False,False,True,4,2051,True,True,True,False,False,False,False,False,True,False,False,0
False,36,False,False,False,False,4,6967,True,True,True,True,True,False,False,False,False,False,False,0
True,25,False,False,False,False,4,3105,True,True,True,False,False,False,True,False,True,False,False,0
True,44,False,False,False,False,2,3485,False,True,True,False,False,False,True,False,True,False,False,0
True,26,False,False,False,False,2,5433,False,True,True,False,False,False,True,False,False,True,False,0
False,26,False,False,False,False,2,2812,False,True,True,False,False,False,True,True,False,False,False,0
False,23,False,False,False,False,1,1352,False,True,True,False,False,False,False,True,False,True,False,0
False,29,False,True,False,True,4,1103,True,True,False,False,True,False,False,False,False,False,False,0
False,28,False,False,False,True,4,5234,False,True,True,False,False,False,False,False,False,True,False,1
True,57,False,False,False,False,4,1154,False,True,True,False,False,False,False,False,False,True,False,0
True,28,False,False,False,True,4,2169,False,True,True,True,False,False,False,False,False,False,False,1
False,67,False,False,False,False,4,1169,True,True,True,False,False,False,True,True,False,False,False,0
True,23,False,False,False,False,2,660,False,True,True,True,True,False,False,False,False,False,False,0
False,31,False,False,False,True,2,1928,True,True,True,False,False,False,False,False,True,False,False,1
True,54,False,False,False,True,4,3568,False,False,True,False,False,False,False,False,False,False,False,0
False,49,False,False,False,True,4,1038,True,True,False,False,True,False,False,True,False,False,False,0
True,57,False,False,False,False,4,1264,True,True,True,True,False,False,True,False,False,False,True,0
False,22,False,False,False,True,4,1670,False,True,True,False,False,False,False,False,True,False,False,1
True,25,False,False,False,True,2,3972,False,True,True,False,True,False,False,False,False,False,False,0
True,48,False,False,False,False,2,9277,False,True,True,False,False,False,True,False,False,False,True,0
True,33,False,False,False,True,4,2058,False,True,True,True,False,False,False,False,False,False,False,0
False,35,False,False,False,False,3,4380,True,True,True,False,False,False,False,True,False,False,False,0
True,23,False,False,False,True,4,1943,False,True,True,True,False,False,False,False,True,False,False,1
False,34,False,False,False,True,3,5800,True,True,True,False,False,False,False,False,False,False,False,0
False,66,False,False,False,True,4,1526,True,True,True,False,False,False,False,True,False,False,True,0
True,26,False,True,False,False,1,3577,True,True,False,False,False,False,False,False,False,False,False,0
False,41,False,False,False,False,4,3979,True,True,True,False,True,False,True,False,False,False,False,0
False,41,False,False,False,True,2,6361,True,True,True,False,False,False,False,False,False,False,True,0
False,47,False,False,False,True,4,731,True,True,True,False,False,False,False,True,False,False,False,0
True,31,False,False,False,True,3,1546,True,True,True,False,False,False,False,False,False,False,False,0
False,38,False,False,False,True,4,1308,True,True,True,True,False,False,False,False,False,False,False,0
True,27,False,False,False,False,3,4139,True,True,True,True,False,False,False,False,False,False,False,0
True,26,False,False,False,False,2,1386,False,True,True,False,False,False,False,False,False,False,False,1
False,24,False,False,False,True,1,4272,False,True,True,False,False,False,False,True,False,False,False,0
True,49,False,False,False,False,1,2331,True,True,False,False,False,False,True,False,False,False,False,0
False,22,False,False,False,True,1,3973,True,True,True,False,False,False,False,True,False,True,True,0
True,28,False,False,False,True,1,1382,False,True,True,False,False,False,False,False,False,False,False,0
False,23,False,False,False,True,4,1845,True,True,True,False,False,False,False,True,False,False,True,1
True,42,False,False,False,False,4,522,True,True,True,False,False,False,False,False,False,False,False,0
True,40,False,False,False,False,4,894,False,True,True,True,True,False,True,False,False,False,False,0
True,25,False,False,False,True,4,1258,True,True,True,True,True,False,False,False,False,False,False,0
True,35,False,False,False,True,3,3780,False,True,True,False,False,False,False,False,True,False,False,0
True,35,False,False,False,False,3,2397,True,False,True,False,False,False,False,False,False,False,False,1
False,33,False,False,False,True,4,2579,True,True,True,False,False,False,False,True,True,False,False,1
False,34,False,True,False,True,1,6999,False,True,False,False,True,False,False,True,False,False,False,1
False,26,False,False,False,False,4,1382,True,True,True,True,True,False,False,True,False,False,False,0
False,30,False,False,False,True,2,5096,False,True,True,False,False,False,False,False,False,False,False,1
True,38,False,False,False,False,2,3229,True,True,True,False,False,False,True,False,False,True,True,0
True,63,False,False,False,False,2,13756,True,False,True,False,False,False,True,False,False,False,True,0
False,23,False,False,False,False,4,900,False,True,True,False,False,False,True,True,False,False,False,1
False,27,False,False,False,True,4,343,False,True,True,True,False,False,False,True,True,False,False,0
True,41,False,False,False,True,4,719,True,False,True,True,False,False,False,False,False,False,False,1
False,44,False,False,False,True,1,3384,False,True,True,False,False,False,False,True,False,False,False,1
False,45,False,True,False,True,2,7882,True,True,False,False,True,False,False,True,False,False,False,0
False,33,False,False,False,True,4,2384,True,True,True,True,False,False,False,False,True,False,True,1
False,27,False,False,False,True,2,2930,False,True,True,False,True,False,False,False,False,False,False,0
False,27,False,False,False,True,2,1657,True,True,True,False,False,False,False,True,False,False,False,0
False,25,False,False,False,False,4,1371,False,True,True,False,False,False,True,True,False,False,False,1
False,55,False,False,False,True,4,1603,False,True,True,False,False,False,False,True,False,False,False,0
False,24,False,False,False,True,2,3190,False,True,True,False,False,False,False,True,False,False,False,1
False,51,False,False,False,True,3,1164,True,False,True,True,False,False,False,True,False,False,True,0
False,50,False,False,False,True,4,6224,True,True,True,True,False,False,False,False,False,False,True,1
False,32,False,False,False,False,3,2745,True,True,True,False,True,True,False,False,False,False,False,0
True,25,False,False,False,True,2,2238,False,True,True,False,False,False,False,False,False,False,False,0
True,35,False,False,False,False,3,2141,True,True,True,False,True,False,False,False,False,False,True,0
False,23,False,False,False,False,1,4281,False,True,True,False,False,False,False,True,False,False,False,1
True,44,False,False,False,False,1,5943,False,True,True,False,False,False,True,False,True,False,False,1
False,34,False,False,True,True,2,2864,True,True,True,False,False,False,False,False,False,False,False,1
False,23,False,False,False,True,4,3234,False,True,True,False,False,False,False,True,True,False,False,1
False,34,False,False,False,True,4,1860,True,True,True,False,False,False,False,False,False,True,False,0
True,49,False,False,False,True,4,640,False,True,True,False,False,False,False,False,False,False,False,0
True,41,False,False,False,True,4,3868,False,True,True,False,False,False,False,False,False,False,False,0
True,42,False,False,False,True,2,1544,True,True,True,False,True,False,False,False,False,False,False,0
True,47,False,False,False,True,4,1393,True,False,True,True,False,False,False,False,False,False,False,0
False,23,False,False,False,True,4,448,False,True,True,True,False,False,False,True,True,False,False,1
False,36,True,False,False,False,4,12169,True,True,False,False,False,False,True,False,False,True,True,0
False,38,False,False,False,True,3,10623,True,True,True,False,False,False,False,True,False,False,True,0
False,42,False,False,False,False,4,1965,False,True,True,False,False,False,True,False,False,False,False,0
True,36,False,False,False,True,4,1028,False,True,True,False,False,False,False,False,False,False,False,0
False,25,False,False,False,True,3,2136,True,True,True,False,False,False,False,True,False,False,False,0
True,31,False,False,False,False,1,2782,False,False,True,False,True,False,False,False,False,False,False,0
True,31,False,False,False,False,2,3621,True,True,True,False,False,False,False,False,False,False,False,1
True,39,True,False,False,True,2,6458,True,False,True,False,False,False,False,False,False,False,True,1
False,40,False,False,False,False,4,1322,False,True,True,False,False,True,False,False,False,False,False,0
False,61,False,False,False,False,4,2767,False,False,True,True,False,False,False,False,False,False,False,1
True,35,False,False,False,False,4,976,True,True,True,False,False,False,True,False,False,False,False,0
False,54,False,False,False,True,2,7432,False,True,True,False,False,False,False,False,False,False,False,0
False,23,False,False,True,True,2,3913,True,True,True,False,False,False,False,False,False,False,False,0
False,23,False,False,False,True,4,1442,False,True,True,False,True,False,False,True,False,False,False,1
False,45,False,False,True,True,1,3049,False,False,True,False,False,False,False,False,True,False,False,0
False,48,False,False,False,False,1,4351,False,True,True,False,False,False,True,False,False,False,False,0
False,25,False,False,False,True,4,1433,False,True,True,False,False,False,False,True,False,False,False,0
True,52,False,False,False,True,2,3077,True,True,True,False,False,False,False,False,False,False,False,0
False,47,False,False,True,False,4,1377,False,True,True,False,False,False,False,False,False,False,True,0
False,24,False,False,False,True,4,1747,True,True,False,False,False,False,False,True,True,False,False,0
True,39,True,False,False,True,4,426,False,True,True,False,False,False,False,False,False,False,False,0
False,44,False,False,False,False,3,1804,True,True,True,False,False,False,False,False,True,False,False,0
True,25,False,False,False,True,2,2210,True,False,True,False,False,False,False,False,False,False,False,1
False,34,False,False,False,False,4,2825,True,True,True,True,True,False,True,False,False,False,True,0
True,33,False,False,False,False,4,1474,False,True,True,False,False,False,False,False,True,False,False,0
False,61,False,False,False,False,4,1239,True,True,True,True,False,False,True,False,False,False,True,0
True,47,False,False,False,True,4,1984,True,False,True,False,False,False,False,False,False,False,True,0
True,29,True,False,False,False,1,5003,False,False,True,False,False,False,True,False,False,False,False,1
False,33,True,False,False,True,4,950,True,True,True,False,False,False,False,True,False,False,False,1
True,27,False,False,False,True,3,1449,False,True,True,True,True,False,False,False,False,False,False,0
False,35,False,False,False,True,4,2439,False,True,True,False,False,False,False,True,True,False,False,1
False,34,False,False,False,True,4,1842,False,True,True,False,False,False,False,True,True,False,False,1
False,57,False,False,True,False,3,1258,False,True,True,False,False,False,False,False,False,False,False,0
False,28,False,False,True,False,1,2923,False,False,True,False,False,False,False,False,False,False,False,0
False,29,False,False,False,True,4,6579,True,True,True,False,False,False,False,True,False,True,True,0
True,26,True,True,False,False,1,783,True,False,False,False,False,False,True,False,False,False,False,0
False,21,False,False,False,True,2,6568,False,False,True,True,False,False,False,True,False,False,False,0
False,40,False,False,False,False,4,1977,True,True,True,True,False,False,True,True,False,False,True,1
True,32,False,False,False,True,2,4686,True,True,True,False,False,False,False,False,False,False,True,0
True,25,False,False,False,True,3,1262,True,True,True,False,False,False,False,False,False,False,False,0
False,23,False,True,False,True,2,2101,False,True,False,False,False,False,False,False,True,False,False,0
True,21,False,False,False,False,4,1126,False,True,True,False,False,False,True,False,True,False,False,0
False,25,False,False,False,False,3,2631,False,True,True,True,False,False,False,False,False,False,False,0
True,31,False,True,False,True,2,1393,True,True,False,False,False,False,False,False,False,False,False,0
False,23,False,False,False,False,4,2520,True,True,True,False,False,False,False,False,False,False,False,1
False,35,False,False,False,False,3,1680,False,True,True,False,False,False,False,True,False,False,False,0
False,22,False,False,False,True,2,1331,True,False,True,False,False,False,False,False,True,False,False,1
True,36,True,False,False,True,2,4165,True,False,True,True,False,False,False,False,False,False,False,1
False,40,False,False,False,True,4,3857,False,True,True,False,False,False,False,True,False,False,False,0
True,47,False,False,False,False,2,1316,False,True,True,False,False,False,False,False,False,False,False,0
False,27,False,False,False,False,1,7418,True,True,True,False,False,False,True,False,False,False,False,0
False,34,True,False,True,True,4,1337,True,True,True,False,False,False,False,False,True,False,False,1
True,31,False,False,False,False,3,8947,True,False,True,False,True,False,True,False,False,False,False,0
True,26,False,False,False,True,3,1453,False,True,True,False,False,False,False,False,True,False,False,0
False,24,False,False,False,True,2,9271,True,True,True,False,True,False,False,True,False,False,False,1
False,26,False,False,False,True,3,907,False,True,True,True,False,False,False,False,True,False,False,0
False,37,False,False,False,True,2,2118,True,True,True,False,False,False,False,False,False,False,False,0
False,29,False,False,False,True,2,3590,True,True,False,False,False,False,False,True,False,False,False,0
False,46,True,False,False,True,4,697,True,False,True,False,False,False,False,True,True,False,False,1
False,25,False,False,False,True,4,4746,True,True,True,False,False,False,False,False,True,False,False,1
True,35,False,False,False,True,4,1393,False,True,True,False,False,False,False,False,True,False,False,0
True,33,False,False,False,True,3,6070,True,True,True,False,False,False,False,False,False,False,False,0
True,32,False,False,False,False,1,2848,True,True,False,False,False,False,False,False,False,False,False,0
True,43,False,False,False,True,1,7393,True,True,True,False,False,False,False,False,False,False,False,0
True,31,False,False,False,True,2,9566,False,False,True,False,False,False,False,False,False,False,False,0
True,28,False,False,False,True,4,2284,True,True,True,False,True,False,False,False,False,False,False,0
True,42,False,False,False,True,2,1455,True,True,True,False,True,False,False,False,False,False,False,0
False,32,False,False,False,True,2,6078,True,True,True,False,True,False,False,False,False,False,False,0
False,39,False,False,False,True,1,860,False,True,True,False,False,False,False,True,False,False,True,0
False,24,False,False,False,True,2,3021,False,True,True,False,False,False,False,True,False,False,False,0
True,60,False,False,False,False,4,1940,True,True,True,False,False,True,False,False,False,False,False,0
False,63,False,True,False,True,3,2924,True,False,False,False,False,False,False,True,False,False,True,0
False,27,False,False,False,False,4,951,False,False,True,False,False,False,False,False,True,False,False,1
True,45,True,False,False,False,2,1750,True,False,True,False,False,False,False,False,False,False,False,0
False,23,False,False,True,True,4,392,False,True,True,True,False,False,False,False,True,False,False,0
True,47,False,False,False,True,3,5103,False,True,True,False,False,False,False,False,True,False,True,0
False,33,False,False,False,True,1,4439,True,False,False,True,False,False,False,False,False,False,False,0
False,40,False,False,False,True,4,4297,False,True,True,False,False,False,False,False,False,False,True,1
False,37,False,False,False,False,4,3878,False,True,True,False,False,False,False,False,True,False,False,0
False,20,False,False,False,True,4,1967,False,True,True,False,False,False,False,False,False,False,False,0
False,30,False,False,False,True,4,4795,False,True,True,False,False,False,False,False,True,False,True,0
False,28,False,False,False,False,2,2631,False,True,True,False,False,False,False,False,False,False,False,1
False,27,True,False,False,True,3,3552,True,False,True,False,True,False,False,True,False,False,False,1
False,42,False,False,False,True,4,6288,True,True,True,True,False,False,False,False,False,False,True,1
False,34,False,False,False,True,3,3017,False,True,True,False,False,False,False,False,True,False,False,0
True,61,False,False,False,False,4,2012,False,True,True,True,True,False,True,False,False,False,False,0
True,58,False,False,False,False,4,1867,True,True,True,False,False,False,True,False,False,False,False,0
False,25,False,True,False,True,4,866,False,True,False,False,False,False,False,False,False,False,False,0
True,33,False,False,False,True,4,2831,False,True,True,False,False,False,False,False,False,False,False,0
False,40,True,False,False,False,4,1358,True,False,True,True,False,False,True,True,False,False,False,1
False,40,False,False,True,True,4,1905,True,True,True,True,False,False,False,False,False,False,False,0
False,28,False,False,True,True,3,745,False,True,True,False,False,False,False,False,False,False,False,1
True,31,False,False,False,False,3,3430,True,True,True,False,False,False,False,False,False,False,False,0
False,40,False,False,False,True,4,684,True,True,True,True,False,False,False,True,False,False,False,1
False,26,False,False,True,True,2,3749,False,True,True,False,False,False,False,False,True,False,False,0
False,50,False,True,False,False,4,1537,True,True,False,False,False,False,True,False,False,False,False,0
False,39,False,False,False,True,4,3345,True,True,True,False,False,False,False,True,False,False,False,1
False,36,False,False,False,True,2,3905,True,True,True,False,False,False,False,True,False,False,False,0
False,22,False,False,False,True,1,3650,False,True,True,False,False,False,False,True,True,False,False,0
False,28,True,False,False,True,2,4221,False,True,True,True,False,False,False,False,False,False,False,0
False,46,False,False,False,True,4,3931,True,True,True,False,True,False,False,True,False,False,True,1
True,50,False,False,False,False,2,1236,True,True,True,False,False,False,False,False,False,False,False,0
True,45,False,False,False,False,2,3835,False,True,True,False,False,False,True,False,False,False,False,0
False,26,False,False,False,True,3,590,False,True,True,False,False,False,False,False,True,False,False,0
False,29,False,False,False,True,4,1659,False,True,True,False,False,False,False,True,True,False,False,1
True,39,False,False,False,True,4,1884,True,True,True,False,False,False,False,False,False,False,False,0
False,27,False,False,False,True,2,3652,True,True,True,True,True,False,False,False,False,False,False,0
True,40,False,False,False,False,3,3077,True,True,True,False,False,False,True,False,False,False,False,0
False,43,False,False,False,False,4,2899,True,True,True,False,False,False,True,False,False,False,False,0
True,28,False,False,False,True,4,3349,False,True,True,False,False,False,False,False,False,False,False,1
True,32,False,False,False,False,3,7238,True,False,True,False,False,False,True,False,False,False,False,0
True,30,False,False,False,False,4,12680,True,True,True,False,False,False,True,False,False,False,True,1
False,32,True,False,False,False,2,2325,True,False,True,False,True,False,False,True,False,False,False,0
True,20,False,False,False,True,1,1313,True,True,True,False,False,False,False,False,False,False,False,0
False,38,False,False,False,False,4,1216,True,False,True,False,False,False,False,False,True,False,True,1
False,24,False,False,False,True,3,1237,False,True,True,False,False,False,False,False,False,False,False,1
False,39,False,False,False,True,2,11938,True,True,False,True,False,False,False,False,False,False,False,1
False,32,True,True,False,True,2,4583,False,True,False,False,False,False,False,True,False,False,False,0
False,32,False,False,False,True,4,1880,False,True,True,False,True,False,False,True,False,False,False,0
True,35,False,False,False,True,2,5842,True,True,True,False,False,False,False,False,False,False,False,0
False,47,False,False,False,True,4,1209,True,True,True,False,False,False,False,False,False,True,False,1
False,47,False,False,False,False,1,12612,True,True,True,True,False,False,False,False,False,False,True,1
False,27,False,False,False,False,3,4576,True,True,True,False,False,False,False,False,False,True,False,0
False,36,False,False,False,False,3,2366,False,True,True,False,True,False,False,False,False,False,False,0
False,28,False,False,False,True,1,3617,True,True,True,False,False,False,False,False,False,False,False,0
False,49,False,False,False,True,2,428,False,False,True,False,False,False,False,True,False,False,False,0
False,27,False,False,False,False,2,3711,False,True,True,True,False,False,True,False,False,False,False,0
False,60,False,False,False,True,4,1199,True,True,True,False,False,False,False,True,False,False,False,1
True,34,False,False,False,False,2,2578,True,True,True,False,False,True,False,False,False,False,False,0
False,24,False,False,False,False,1,6187,False,True,True,False,True,False,False,True,False,False,False,0
False,50,False,False,False,False,4,2671,False,True,False,False,False,False,False,False,False,False,True,1
False,25,False,False,False,True,4,2473,True,True,True,False,False,False,False,True,False,True,False,1
True,49,False,False,False,True,2,2096,True,True,True,True,True,False,False,False,False,False,False,0
False,47,False,False,False,True,1,2353,False,True,True,False,False,False,False,False,False,False,False,0
True,28,False,False,False,True,3,2993,True,False,True,False,False,False,False,False,False,False,False,0
False,37,False,False,False,False,4,4712,True,False,True,True,False,False,True,False,False,False,False,0
False,30,False,False,False,True,4,1823,True,False,True,False,False,False,False,True,False,True,False,1
True,46,False,False,False,True,4,2611,False,True,False,False,False,False,False,False,False,False,False,0
False,51,False,False,True,True,3,2892,False,True,True,False,False,False,False,False,False,False,True,0
False,54,False,False,False,False,4,1318,True,True,True,False,False,True,False,False,False,False,False,0
False,38,False,False,False,True,4,2171,True,False,True,False,False,False,False,True,False,False,False,0
False,67,False,False,False,True,4,1199,False,True,True,True,True,False,False,False,False,False,False,0
True,32,False,False,False,True,3,1552,True,False,True,False,True,False,False,False,False,False,False,0
True,29,False,False,False,True,4,2679,False,True,True,False,False,False,False,False,True,False,True,0
True,33,False,True,False,True,4,1851,False,True,False,False,True,False,False,False,False,False,False,0
False,35,False,True,False,True,2,2576,True,True,False,False,False,False,False,False,False,False,False,0
False,39,False,False,False,True,3,2122,True,True,True,False,False,False,False,True,False,False,False,0
False,22,False,False,False,False,3,3092,False,True,True,False,False,False,False,False,True,False,False,1
False,33,True,False,False,True,1,3244,False,False,True,False,False,False,False,False,False,False,False,0
False,36,False,False,False,True,4,2337,True,True,True,False,False,False,False,False,False,False,False,0
True,22,False,False,False,True,4,1478,True,True,True,False,True,False,False,False,False,False,False,1
True,28,False,False,False,True,4,1249,False,True,True,False,False,False,False,False,True,False,False,0
False,37,False,True,False,True,1,3620,True,True,False,False,False,False,False,True,False,False,False,0
False,20,False,False,False,False,2,2996,False,True,True,False,False,False,True,True,False,False,False,1
True,43,False,False,False,False,3,4042,True,True,True,False,True,False,True,False,False,False,False,0
False,24,True,False,False,False,4,433,False,False,True,True,False,True,False,False,True,False,False,1
False,26,False,False,False,False,4,1715,False,True,True,False,False,False,True,False,False,False,False,0
True,30,False,False,False,True,2,1740,False,True,True,False,False,False,False,False,False,False,False,0
True,35,False,False,False,True,4,1291,False,True,True,False,False,False,False,False,False,False,False,0
True,32,False,False,False,False,1,2978,True,True,True,False,False,False,False,False,False,False,False,0
True,21,False,False,False,False,4,886,False,True,True,False,False,False,True,False,False,False,False,0
False,23,False,False,False,True,4,2406,False,True,True,False,True,False,False,True,False,False,False,1
True,61,False,False,False,False,2,3059,False,True,True,False,True,True,False,False,False,False,False,0
True,28,False,False,False,True,4,3595,True,True,True,False,False,False,False,False,False,False,False,0
True,51,False,False,False,False,2,2507,True,True,True,False,False,False,False,False,False,False,True,0
False,26,False,False,False,True,4,1424,True,True,True,True,True,False,False,False,False,False,False,0
False,36,False,False,False,True,4,884,True,False,True,False,False,False,False,False,False,False,False,1
True,23,False,False,False,True,4,2288,False,True,True,False,False,False,False,False,True,False,False,0
False,32,False,False,False,True,3,2273,True,True,True,True,True,False,False,False,False,False,False,0
True,35,False,False,False,True,3,7253,True,True,True,False,True,False,False,False,False,False,False,0
True,34,False,False,False,False,4,6527,True,True,True,False,False,False,True,False,False,False,True,0
True,27,False,False,False,True,4,937,False,True,True,True,False,False,False,False,True,False,False,0
False,53,False,False,False,True,4,795,False,True,True,True,False,False,False,True,True,False,False,1
False,39,False,False,False,False,3,1037,True,True,True,True,True,False,False,False,False,False,False,0
False,21,False,False,False,True,4,902,False,True,True,True,True,False,False,True,False,False,False,1
True,27,False,False,False,False,2,8613,True,True,True,False,False,True,False,False,False,False,False,0
False,32,False,False,False,False,4,1282,False,True,True,False,False,False,False,True,False,False,False,1
False,39,False,True,False,True,1,2522,True,True,False,False,False,False,False,True,False,False,False,0
True,26,False,False,False,True,4,4463,True,True,True,False,False,False,False,False,False,False,False,1
False,37,True,True,False,True,2,7685,False,True,False,True,True,False,False,True,False,False,False,1
False,25,True,False,False,True,4,2969,False,True,True,False,False,False,False,False,True,False,False,1
False,45,False,False,False,True,1,8978,False,True,True,False,False,False,False,True,False,False,False,1
True,59,False,False,False,False,1,5045,False,True,True,False,False,False,True,False,False,False,False,0
False,28,False,True,False,True,3,484,False,False,False,False,True,False,False,False,False,False,False,0
False,68,False,False,False,True,1,14896,True,False,True,False,False,False,False,True,False,False,True,1
True,53,False,False,False,False,4,2424,True,True,True,False,False,False,True,False,False,False,False,0
True,38,False,False,False,True,3,7814,True,True,True,False,True,False,False,False,False,False,False,0
False,36,True,False,False,True,1,4241,True,True,True,True,False,False,False,False,False,False,False,1
False,31,True,False,False,True,4,3161,True,True,True,True,False,False,False,True,False,False,False,1
False,24,False,False,False,True,4,652,False,True,True,False,False,False,False,True,False,False,False,0
False,40,False,False,False,True,3,3590,False,True,True,True,False,False,False,False,False,True,False,0
True,36,False,False,False,True,4,1278,True,True,True,False,False,False,False,False,False,False,False,0
False,40,False,False,False,True,2,1361,True,True,True,False,False,False,False,True,True,False,False,0
False,32,False,True,False,True,4,1301,False,True,False,False,False,False,False,False,False,False,False,0
True,37,False,False,False,False,4,1287,False,True,True,False,False,True,False,False,False,False,False,0
True,46,False,False,False,False,4,7629,False,False,True,True,False,False,True,False,False,False,False,0
True,28,False,False,False,True,4,776,False,True,True,False,False,False,False,False,False,False,False,0
False,28,False,False,False,True,4,4169,True,True,True,False,False,False,False,True,False,False,False,0
False,25,False,False,False,True,2,685,False,False,True,False,True,False,False,False,False,False,False,1
False,44,True,False,False,True,4,1553,True,False,True,False,False,False,False,True,False,False,False,1
False,49,False,False,False,False,4,2964,True,False,True,False,False,False,True,True,False,False,True,0
False,36,False,False,False,True,4,3915,True,True,True,True,False,False,False,False,False,False,False,1
True,36,False,False,False,False,2,6742,True,True,True,False,True,False,True,False,False,False,False,0
True,26,False,False,False,True,4,3181,False,True,True,False,False,False,False,False,True,False,False,0
False,42,False,False,False,False,2,8086,True,True,True,False,False,False,False,False,False,False,False,1
True,42,False,False,False,True,2,3331,True,False,True,False,False,False,False,False,False,False,False,0
False,50,True,False,False,True,2,5293,True,False,True,True,False,False,False,True,False,True,False,1
True,36,False,False,False,False,4,6304,True,True,True,True,False,False,True,False,False,False,False,0
False,33,False,False,False,True,1,3966,False,False,True,False,False,False,False,True,False,False,False,1
False,42,False,False,False,True,2,4153,True,True,False,False,False,False,False,True,False,False,False,1
True,26,False,False,False,True,2,1076,False,True,True,True,False,False,False,False,False,False,False,0
True,24,False,False,False,False,2,4811,False,False,True,False,True,False,True,False,False,False,False,0
False,24,False,True,False,True,4,2150,False,False,False,False,False,False,False,False,False,False,True,1
True,35,False,False,False,True,4,2670,True,True,True,False,False,False,False,False,False,False,False,0
True,27,False,False,False,True,3,3850,True,True,True,False,True,False,False,False,False,False,False,0
True,48,False,False,False,False,4,5190,True,True,True,True,False,False,True,False,False,False,False,0
False,42,False,False,False,True,4,7763,True,False,True,False,False,False,False,True,False,False,True,1
True,31,False,False,False,False,1,2901,False,True,True,False,False,False,True,False,True,False,False,0
False,42,False,False,False,False,2,5084,False,True,True,False,False,False,True,False,False,False,False,0
False,58,False,True,False,True,4,1755,False,True,False,True,False,False,False,True,False,False,False,0
False,25,False,False,False,False,2,2991,False,True,True,False,False,False,True,False,False,False,False,0
True,41,False,False,False,False,4,1469,False,True,True,False,False,False,False,False,False,False,False,0
False,23,False,False,False,True,4,6229,False,True,False,False,False,False,False,True,True,False,True,1
False,29,False,False,False,True,3,3959,False,True,True,False,False,False,False,True,False,False,False,1
True,26,False,False,False,False,2,4272,True,True,True,True,False,False,False,False,False,False,False,0
True,32,False,False,False,True,3,1530,True,False,True,False,False,False,False,False,False,False,False,1
False,26,False,True,False,True,4,1113,False,True,False,False,False,False,False,False,False,False,False,0
True,29,False,False,False,False,2,7166,False,True,True,False,True,False,True,False,False,False,False,0
False,45,False,False,False,True,4,2303,True,True,False,False,False,False,False,True,False,False,False,1
True,38,False,False,False,True,4,1533,False,False,True,False,False,False,False,False,True,False,False,0
True,42,False,False,False,True,4,2292,True,False,True,True,False,False,False,False,False,True,False,1
False,33,False,False,False,False,4,727,False,True,True,False,False,False,False,True,True,False,True,1
False,59,True,False,False,True,4,6416,False,True,True,True,False,False,False,False,False,False,True,1
False,22,False,False,False,True,4,806,False,True,True,True,False,False,False,True,False,False,False,0
False,29,True,False,False,False,2,1437,True,True,True,False,True,False,False,False,False,False,True,1
False,27,False,False,False,True,4,1053,False,True,True,False,False,False,False,True,True,False,False,0
False,41,False,False,False,True,4,888,True,False,True,False,False,False,False,False,False,False,False,1
False,27,False,False,False,True,2,1391,False,False,True,True,False,False,False,False,False,False,False,0
True,37,False,False,False,True,4,2022,False,True,True,False,False,False,False,False,False,False,False,0
False,23,True,False,False,True,4,1048,True,False,True,False,False,False,False,False,False,False,False,0
True,24,False,False,False,True,3,1768,True,True,True,False,False,False,False,False,False,False,False,0
True,28,False,False,False,False,4,2073,False,True,False,False,False,False,False,False,False,False,False,0
False,39,False,False,False,False,4,2212,True,True,True,False,True,False,True,True,False,False,False,0
False,30,False,False,False,False,4,3069,True,True,True,False,False,False,False,False,False,False,True,0
True,28,False,False,False,True,4,1817,False,True,True,False,False,False,False,False,False,False,True,0
True,33,False,False,False,True,4,1478,False,False,True,False,False,False,False,False,False,False,False,0
False,40,False,True,False,True,3,1155,False,False,False,False,False,False,False,False,False,False,False,0
False,25,True,False,False,True,2,14421,True,True,True,True,False,False,False,False,False,False,False,1
True,49,False,False,False,False,2,5801,True,True,True,False,False,False,True,False,False,False,False,0
True,20,False,False,False,False,2,2221,False,True,True,False,False,False,False,False,False,False,False,0
False,23,False,False,False,False,1,3758,False,True,True,False,False,False,False,False,False,True,True,0
False,25,False,False,False,False,2,1484,False,True,True,False,False,False,True,False,False,False,False,1
False,27,False,False,False,True,1,3643,False,True,True,False,False,False,False,True,False,False,False,0
False,57,False,False,False,False,4,3622,False,True,True,False,False,True,False,True,False,False,False,0
True,34,False,False,False,False,1,1898,True,True,True,False,False,False,True,False,False,False,False,0
False,23,False,False,False,False,1,8471,False,True,True,True,False,False,True,True,False,False,False,0
False,30,True,False,False,False,1,8358,False,True,True,False,False,False,False,False,True,False,False,0
True,36,False,False,False,False,4,1238,True,True,True,True,False,False,True,False,False,True,False,0
False,23,False,False,False,False,2,1936,False,True,True,False,True,False,True,True,False,False,False,0
False,30,False,False,False,True,4,2063,False,True,True,False,False,False,False,False,True,False,False,0
True,29,False,False,False,False,3,3556,True,True,True,False,False,False,True,False,False,False,True,0
False,28,False,False,False,False,4,2659,True,True,True,False,False,True,False,True,False,False,False,0
True,56,False,False,False,True,4,618,True,True,True,False,False,False,False,False,False,False,False,0
True,54,False,False,False,False,4,2255,True,True,True,False,False,False,True,False,True,False,False,0
False,21,False,True,False,False,4,3031,True,True,False,False,False,False,False,False,False,False,False,1
False,27,False,False,False,True,4,2389,False,False,True,False,False,False,False,True,True,False,False,0
False,36,False,False,False,True,4,1872,True,True,True,False,False,False,False,True,False,True,True,0
True,31,False,False,False,True,2,2406,True,True,True,False,False,False,False,False,False,True,False,0
True,42,False,False,False,True,2,1503,True,True,True,False,True,False,False,False,False,False,False,0
True,38,False,False,False,False,4,2751,True,True,True,False,False,False,True,False,False,False,False,0
True,30,False,False,False,False,4,11054,True,True,True,False,False,False,True,False,False,False,False,0
True,40,False,False,False,False,4,1386,False,True,True,False,False,False,True,False,False,False,False,0
False,29,True,False,False,True,2,11816,True,True,True,True,False,False,False,True,False,False,False,1
False,33,False,True,False,True,4,2235,False,False,False,False,False,False,False,True,False,False,False,1
False,24,False,False,True,True,3,3016,False,True,True,False,False,False,False,False,False,False,False,0
False,49,False,True,False,True,4,1092,False,True,False,False,False,False,False,False,False,False,False,0
False,28,False,False,False,True,4,4249,False,True,True,False,False,False,False,False,False,True,False,1
True,23,False,False,False,True,1,601,False,True,True,False,False,False,False,False,True,False,False,0
True,29,False,False,False,False,4,1123,False,True,True,False,False,False,False,False,False,False,False,1
True,30,False,False,False,False,4,2333,True,False,True,False,False,False,False,False,False,False,False,0
False,38,False,False,True,True,4,947,True,False,True,False,True,False,False,False,False,False,True,1
False,51,False,False,False,True,2,4771,True,True,True,False,True,False,False,False,False,False,False,0
False,46,False,False,False,True,1,1223,False,True,True,False,False,False,False,False,False,False,False,1
False,43,False,False,False,False,3,1203,True,True,True,False,False,False,False,True,False,False,False,0
False,39,False,False,False,True,2,3249,True,False,True,False,True,False,False,True,False,False,True,0
True,44,False,False,False,False,4,1163,True,True,True,False,False,False,False,False,False,False,False,0
False,38,False,False,False,False,4,754,True,True,True,True,False,False,True,False,False,False,False,0
True,24,False,False,False,False,4,2569,True,True,True,False,False,False,False,False,False,False,False,0
True,21,False,False,False,True,3,2570,False,True,True,False,False,False,False,False,False,False,False,1
False,60,True,False,False,False,3,14782,False,False,True,True,False,False,False,False,False,False,True,1
False,23,False,False,False,False,1,14555,True,True,True,False,False,False,True,False,False,True,False,1
True,47,False,False,False,False,4,3578,True,True,True,False,False,False,True,False,False,False,False,0
False,58,False,False,False,True,4,6143,False,False,True,False,False,False,False,True,False,False,True,1
False,29,True,False,False,False,3,3990,False,False,True,True,False,False,True,False,True,False,True,0
False,57,False,False,False,True,4,2225,True,False,True,False,False,False,False,False,False,False,True,1
False,53,False,False,False,True,4,7865,True,True,True,False,False,False,False,True,False,False,True,1
False,28,False,False,False,True,2,3660,False,True,True,False,False,False,False,True,False,False,False,0
True,25,False,False,False,False,4,2394,False,True,True,False,False,False,True,False,False,False,False,0
False,61,False,False,False,False,3,1512,False,False,True,True,False,True,False,False,False,False,False,1
True,38,False,False,False,True,1,926,False,True,True,False,False,False,False,False,False,True,False,0
True,40,True,True,False,False,3,7824,True,False,False,False,False,False,True,False,True,False,False,0
True,47,False,False,False,False,4,1213,True,False,True,False,False,False,False,False,False,False,False,0
False,24,False,False,False,True,4,9629,True,True,True,False,True,False,False,True,False,False,False,1
False,37,False,False,False,True,1,3676,True,True,True,False,False,False,False,True,False,False,False,0
True,26,False,False,False,True,4,10974,False,True,True,False,False,False,False,False,False,True,False,1
True,35,False,False,False,True,4,2346,True,True,True,False,True,False,False,False,False,False,False,0
False,35,False,False,False,False,4,1381,False,True,True,False,False,False,True,True,False,False,False,1
True,29,False,False,False,False,4,1901,True,True,True,False,False,False,False,False,False,False,False,0
True,36,False,False,False,True,1,3275,True,True,True,False,False,False,False,False,False,False,False,0
True,26,False,False,False,True,4,763,False,True,True,False,False,False,False,False,False,False,False,0
True,35,False,False,False,False,3,1418,True,True,True,False,False,False,False,False,False,False,False,0
True,52,False,False,False,False,4,936,True,True,True,True,False,False,False,False,False,False,False,0
False,31,False,False,False,False,1,3651,True,True,True,False,False,True,False,True,False,False,False,0
True,38,False,False,False,False,4,3914,False,False,True,True,False,False,True,False,False,False,False,1
False,46,False,True,False,True,4,1845,False,True,False,False,False,False,False,True,True,False,False,0
False,55,False,False,True,False,3,1424,False,True,True,False,False,False,True,False,False,False,False,0
True,43,False,False,False,True,3,2515,True,True,True,False,False,False,False,False,False,False,False,0
False,27,False,False,False,True,2,4020,True,False,True,False,False,False,False,True,False,False,False,0
True,40,False,False,False,False,3,4623,True,True,True,True,False,False,False,False,False,False,False,1
False,48,False,False,False,True,4,1024,False,False,True,False,False,False,False,True,True,False,False,1
False,44,False,True,False,True,4,760,False,True,False,False,True,False,False,False,False,False,False,0
True,44,False,False,False,False,2,10127,True,False,True,False,False,False,False,False,False,False,True,1
True,31,False,False,False,True,4,1963,True,True,True,False,True,False,False,False,False,False,False,0
True,45,False,False,False,False,4,8588,True,True,True,False,False,False,False,False,False,False,False,0
False,27,False,False,False,False,4,1995,True,True,True,False,False,False,False,False,True,False,False,0
False,37,False,True,True,True,1,3949,True,True,False,False,False,False,False,False,True,False,False,0
False,49,False,False,False,True,2,8386,True,True,True,False,True,False,False,False,False,False,False,1
False,37,False,False,True,False,2,3399,True,True,True,False,False,False,True,False,False,False,False,0
True,35,False,False,False,False,1,5324,False,True,True,False,False,False,False,False,False,False,True,0
False,22,False,False,False,True,4,1858,False,True,True,False,False,False,False,True,True,False,False,0
False,74,True,False,False,True,2,5129,False,False,True,False,False,False,False,False,False,False,True,1
False,30,False,False,False,True,4,3959,True,True,True,False,False,False,False,True,False,True,False,0
True,27,True,False,False,True,1,3609,False,False,True,True,False,False,False,False,False,False,False,0
True,51,False,False,False,False,4,682,False,True,True,False,True,False,False,False,False,False,False,0
True,34,True,False,False,False,4,1569,True,False,True,False,False,False,False,False,False,False,False,0
False,22,False,False,False,True,2,2462,True,True,True,False,False,False,False,True,False,False,False,1
False,75,False,False,False,True,2,6615,True,True,True,False,False,False,False,True,False,True,True,0
True,35,False,False,False,True,4,2684,True,True,True,False,False,False,False,False,False,False,False,0
False,29,False,False,True,True,2,683,False,False,True,False,False,False,False,False,True,False,False,0
True,30,False,False,False,True,2,2028,True,True,True,False,True,False,False,False,False,False,False,0
True,32,False,False,False,False,4,2978,True,True,True,True,False,False,True,False,False,False,False,0
True,24,False,False,False,True,2,2788,False,False,False,False,True,False,False,False,False,False,False,0
True,26,False,False,False,False,3,3235,False,True,True,False,False,False,False,False,False,False,False,0
True,63,False,False,False,False,1,7596,True,True,True,False,False,False,True,False,False,False,False,0
False,33,False,True,False,True,4,1414,True,True,False,False,False,False,False,False,False,False,False,0
False,34,False,False,False,True,2,1501,False,True,True,True,False,False,False,False,False,False,False,1
False,47,False,False,True,True,4,3017,True,True,True,False,False,False,False,False,False,False,False,0
False,46,False,False,True,True,1,1343,True,True,True,False,False,False,False,False,False,False,False,0
False,27,False,False,False,True,4,1082,True,True,True,False,False,False,False,False,False,False,False,0
True,28,False,False,False,True,1,9572,False,True,True,True,False,False,False,False,True,False,False,1
True,33,False,False,False,False,1,2186,False,False,True,False,True,False,True,False,False,False,False,0
False,34,True,False,False,False,4,3844,True,True,True,True,True,False,False,False,False,False,True,1
False,21,False,False,False,True,2,1987,True,True,True,False,False,False,False,True,False,False,False,1
True,34,False,False,False,True,4,6614,True,True,True,False,False,False,False,False,False,False,False,0
True,22,False,False,False,True,2,1258,False,True,True,False,False,False,False,False,True,False,False,0
False,74,False,False,True,True,1,1299,True,True,True,False,False,False,False,False,False,False,False,0
False,38,False,False,False,True,3,12976,False,True,True,False,False,False,False,False,False,True,True,1
True,57,False,False,False,True,2,2748,False,False,True,True,False,False,False,False,False,False,True,0
False,24,False,False,False,False,2,3763,True,True,False,False,True,False,True,True,False,False,False,0
True,25,False,False,False,False,4,1283,False,True,True,False,True,False,True,False,False,False,False,0
True,29,False,False,False,True,2,2108,False,True,True,False,True,False,False,False,False,False,False,0
False,48,False,False,True,False,1,1240,False,True,True,False,False,False,False,False,False,False,True,1
True,40,False,False,False,False,3,1597,True,True,True,False,False,False,False,False,False,False,True,0
True,41,False,False,False,False,4,2580,True,False,True,True,False,False,False,False,True,False,False,1
False,27,False,False,False,False,1,10961,True,False,False,False,True,True,False,False,False,False,True,1
True,27,False,False,False,True,3,1101,False,True,True,False,False,False,False,False,False,False,False,0
False,43,False,False,False,True,3,4843,True,True,False,False,False,False,False,True,False,False,False,1
True,19,False,False,False,True,2,1980,False,True,False,False,False,False,False,False,True,False,False,1
True,46,False,False,False,False,4,727,True,True,True,True,False,False,False,False,False,False,True,0
False,41,False,False,False,True,2,5954,False,False,True,True,True,False,False,False,False,False,False,0
True,27,False,False,False,False,1,1221,False,True,True,False,False,False,True,False,False,False,False,0
False,27,False,False,False,True,4,1168,False,True,True,False,False,False,False,True,False,False,False,0
False,55,False,False,False,True,3,2578,False,True,True,False,False,False,False,True,False,True,True,0
False,53,True,False,False,True,3,7119,True,True,True,False,False,False,False,True,False,False,True,1
True,30,False,False,False,True,3,1224,True,True,True,False,False,False,False,False,False,False,False,0
False,30,False,False,False,True,4,918,False,True,True,False,False,False,False,False,False,False,False,1
True,29,False,False,False,True,4,2743,True,True,True,False,False,False,False,False,False,False,False,0
True,28,False,False,False,True,4,1413,False,True,True,False,False,False,False,False,False,False,False,0
False,22,False,False,False,True,3,1366,False,True,True,False,False,False,False,True,True,False,False,1
True,52,False,False,False,False,4,2223,True,False,True,False,False,False,False,False,False,False,False,0
True,39,False,False,False,True,1,7228,True,True,True,False,False,False,False,False,False,False,False,0
False,23,False,False,True,True,3,1297,False,True,True,False,False,False,False,False,False,False,False,0
False,30,False,False,False,False,4,14179,True,True,True,False,True,False,True,True,False,False,False,0
True,29,False,False,False,False,4,1169,True,True,True,False,False,False,True,False,False,False,False,0
False,32,True,False,False,True,1,18424,False,False,True,True,False,False,False,False,False,False,False,1
False,29,False,False,False,True,3,3499,False,True,False,False,False,False,False,True,False,False,False,1
False,36,False,False,True,False,2,2360,True,True,True,False,False,False,False,False,False,False,False,0
False,26,False,True,False,True,4,625,False,False,False,False,False,False,False,False,True,False,False,0
False,28,False,False,False,True,4,3060,True,True,True,False,True,False,False,False,False,False,False,1
False,32,False,False,False,False,4,1136,True,True,True,True,False,True,False,False,False,False,True,1
True,26,False,True,False,True,2,3518,True,True,False,False,False,False,False,False,False,False,False,0
True,62,False,False,False,False,1,1338,False,True,True,True,False,False,False,False,False,False,False,0
False,25,False,False,False,True,2,975,False,True,True,False,False,False,False,True,False,False,False,0
False,20,False,False,False,False,4,674,False,True,True,False,True,False,False,True,False,False,False,1
False,28,True,False,False,True,4,1108,True,True,True,True,True,False,False,True,False,False,False,1
True,37,False,False,False,False,3,1402,False,True,True,False,True,False,False,False,False,False,False,0
False,39,False,False,True,False,3,1271,True,True,True,False,False,False,True,False,False,False,True,1
False,24,False,False,False,True,4,2323,True,True,True,False,True,False,False,False,False,False,False,0
True,30,False,False,False,False,3,960,False,True,True,False,True,True,False,False,False,False,False,0
False,21,False,False,False,True,1,2779,False,True,True,False,False,False,False,False,False,False,False,0
True,26,False,False,False,True,4,4530,False,True,True,False,True,False,False,False,False,False,False,0
True,52,False,False,False,False,4,2133,False,True,True,False,False,False,True,False,False,False,True,0
False,24,False,False,True,True,4,5848,True,True,True,False,False,False,False,False,False,False,False,0
False,43,False,False,False,True,4,2442,True,False,True,True,False,False,False,True,False,False,False,0
False,42,False,False,False,True,2,2577,False,True,True,False,False,False,False,True,False,False,False,0
False,66,False,False,False,False,4,790,False,True,True,False,False,False,False,False,False,False,False,0
False,28,False,False,False,True,4,1068,True,True,True,False,False,False,False,False,False,False,False,0
False,29,True,False,False,True,1,1193,False,True,False,False,False,False,False,True,False,True,True,1
True,41,False,False,False,False,4,1244,False,True,True,True,False,False,True,False,False,False,False,0
False,31,False,False,True,False,3,3148,True,True,True,False,False,False,True,False,False,False,False,0
False,26,False,False,False,True,4,1345,False,False,True,False,False,False,False,True,False,False,False,1
False,33,False,False,False,True,4,1131,False,True,True,False,False,False,False,True,False,True,False,1
True,24,False,False,False,True,1,1554,False,True,True,False,True,False,False,False,False,False,False,0
False,59,False,False,False,True,3,1364,True,True,True,False,True,False,False,True,False,False,False,0
False,31,False,False,False,True,3,6758,False,True,True,False,False,False,False,True,False,False,False,1
False,43,False,True,False,True,2,2625,True,False,False,False,False,False,False,True,False,False,False,1
False,25,False,False,False,True,3,1295,False,True,True,False,False,False,False,False,True,False,False,1
True,46,False,False,False,False,4,1149,True,True,True,False,False,True,False,False,False,False,False,0
True,74,False,False,False,True,3,4526,True,True,True,True,False,False,False,False,False,False,False,0
True,23,False,False,False,True,1,2146,False,True,True,False,False,False,False,False,True,False,False,0
True,31,False,False,False,False,4,1532,False,True,True,True,False,False,False,False,False,False,False,0
True,33,False,False,False,False,1,3074,True,True,True,False,False,False,True,False,False,False,False,0
False,28,False,False,False,True,4,2606,False,True,True,False,False,False,False,True,True,False,False,0
False,39,False,False,False,False,3,666,False,True,True,False,True,True,False,True,False,False,False,0
True,54,False,False,False,True,4,1597,True,True,True,True,False,False,False,False,False,False,True,0
True,27,False,False,False,True,4,802,True,True,True,False,False,False,False,False,False,False,False,0
False,24,False,False,False,False,2,5595,False,True,True,False,False,False,False,False,False,False,False,1
False,36,False,False,False,False,3,7057,True,False,True,False,True,False,True,False,False,False,False,0
False,42,False,False,False,False,4,2427,True,True,True,True,False,False,True,False,False,False,False,0
True,25,False,False,False,True,4,5771,False,True,True,False,True,False,False,False,False,False,False,0
False,26,False,False,False,True,4,759,True,True,True,False,True,False,False,True,False,False,False,1
False,51,False,False,False,False,1,7511,True,True,True,False,False,False,True,True,False,False,False,1
True,35,False,False,False,False,2,4151,True,True,True,False,False,False,False,False,False,False,False,0
True,32,False,False,False,False,4,3062,True,True,True,False,False,False,False,False,False,False,True,0
True,40,False,False,False,True,4,1585,True,True,True,False,True,False,False,False,False,False,False,0
True,35,True,False,False,False,4,1204,True,False,True,False,False,False,False,False,False,False,True,0
True,38,False,False,False,False,4,5711,True,True,True,False,False,True,False,False,False,False,False,0
False,66,False,False,False,False,4,766,True,True,True,False,False,False,False,False,False,False,False,1
False,20,False,False,False,False,4,1577,False,True,True,False,False,True,False,False,True,False,False,0
False,29,False,False,False,False,4,9034,True,True,False,False,False,False,False,False,True,False,True,1
False,48,False,False,False,True,1,2241,True,True,True,False,False,False,False,True,True,False,False,0
True,23,False,False,False,False,1,3812,False,True,True,False,False,False,False,False,True,False,False,0
True,30,False,False,False,True,3,4657,True,True,True,False,False,False,False,False,False,False,False,0
False,35,False,False,False,True,1,10722,False,True,True,False,False,False,False,True,True,False,False,0
False,27,False,False,False,True,4,750,False,True,True,True,False,False,False,True,False,True,False,1
True,35,False,False,False,False,4,1979,True,True,True,False,False,False,True,False,False,False,False,0
False,36,False,False,False,False,3,1913,False,False,True,True,False,True,False,False,True,False,False,0
False,31,False,False,False,True,2,4817,True,True,False,False,True,False,False,True,False,False,False,1
False,35,False,False,False,False,4,1941,True,True,True,True,False,True,False,False,False,False,False,0
False,36,False,False,False,True,4,7297,True,True,False,True,False,False,False,True,False,False,True,1
True,74,False,False,False,True,1,3448,True,True,True,True,True,False,False,False,False,False,False,0
False,30,False,False,False,False,4,2028,True,True,True,False,False,False,True,False,False,False,False,0
True,31,False,False,False,False,2,3378,True,True,True,False,False,False,True,False,False,False,False,0
True,33,False,False,False,True,4,5150,True,True,True,False,False,False,False,False,False,False,False,0
True,43,False,False,False,True,4,1533,False,True,False,False,False,False,False,False,True,False,False,1
True,36,False,False,False,False,4,3079,True,True,True,False,False,False,True,False,False,False,False,0
True,24,False,False,False,True,3,932,False,True,True,False,False,False,False,False,False,False,False,0
True,20,False,False,False,False,2,3186,False,True,True,False,True,True,False,False,False,False,False,0
True,31,False,False,False,True,1,6110,True,False,True,True,False,False,False,False,False,False,True,0
False,58,True,False,False,True,3,15945,True,True,True,True,False,False,False,False,True,False,True,1
False,20,False,False,False,True,2,1107,True,True,True,False,False,False,False,True,False,False,False,0
True,45,False,False,False,False,2,3527,True,True,True,False,False,False,True,False,True,False,False,0
False,35,False,False,False,True,4,1919,True,True,True,False,True,False,False,False,False,False,False,0
True,23,False,False,False,False,4,996,False,True,True,True,True,False,True,False,False,False,False,0
True,36,False,False,False,False,4,1262,True,True,True,True,True,False,False,False,False,False,False,0
True,23,False,False,False,False,3,3368,True,True,True,False,False,True,False,False,False,False,True,0
False,23,False,False,False,False,4,1444,True,True,True,False,False,False,True,False,True,False,False,0
True,34,False,False,False,True,4,4454,False,True,True,False,False,False,False,False,False,False,False,0
True,43,False,False,False,False,4,2197,True,True,True,False,True,False,True,False,False,False,False,0
False,56,False,False,True,True,4,4796,True,True,True,False,False,False,False,False,False,False,True,0
True,41,False,False,False,True,4,1503,False,True,True,False,False,False,False,False,False,False,False,0
True,32,False,False,False,True,3,1231,True,True,True,False,False,False,False,False,False,False,False,0
True,28,False,False,False,False,4,1376,False,True,True,False,True,False,False,False,False,False,False,0
False,25,False,False,True,True,4,5152,True,False,True,False,True,False,False,False,False,False,False,0
False,22,True,False,False,False,4,2483,True,False,True,False,False,False,False,True,False,False,False,0
False,33,False,False,True,True,4,1474,False,False,True,False,False,False,False,False,True,False,False,0
False,32,False,False,False,False,2,11760,True,True,True,True,True,False,False,False,False,False,True,0
False,39,False,False,False,True,1,3398,True,True,True,False,True,False,False,True,False,False,False,0
False,22,True,True,False,True,1,3632,False,False,False,False,False,False,False,True,False,False,False,0
False,36,False,False,False,True,2,1721,True,True,True,False,False,False,False,True,True,False,False,0
False,23,False,False,False,False,4,836,False,False,True,False,False,False,False,False,True,False,False,1
False,32,True,False,False,False,1,931,False,False,True,False,False,False,False,False,True,False,False,1
False,30,False,False,False,True,4,1602,False,True,True,False,False,False,False,True,False,False,False,0
False,26,True,False,False,True,2,1778,False,True,True,False,False,False,False,False,True,False,False,1
False,23,False,False,False,False,2,841,False,True,True,True,True,False,False,False,False,False,False,0
True,36,False,False,False,False,3,2872,True,True,True,False,False,False,False,False,False,False,False,0
True,40,False,False,False,False,2,7678,False,True,True,False,True,False,False,False,False,False,False,0
False,30,False,False,False,False,2,5866,True,True,True,False,False,False,False,False,False,False,False,0
False,37,False,False,False,True,2,1154,True,True,True,False,False,False,False,False,False,False,False,0
True,32,False,False,False,True,4,1505,True,True,True,False,False,False,False,False,False,False,True,0
False,48,True,False,False,True,4,1082,True,False,True,False,False,False,False,True,False,False,False,1
True,27,False,False,False,True,2,2708,True,False,True,False,False,False,False,False,True,False,False,0
True,39,False,False,False,True,3,1473,False,True,True,False,False,False,False,False,True,False,False,0
False,58,False,False,False,True,4,385,False,True,True,False,True,False,False,True,False,False,False,0
False,24,False,False,False,True,4,2214,True,True,True,False,False,False,False,True,False,False,False,0
True,27,False,False,False,False,4,2463,False,True,True,False,True,False,False,False,False,False,False,0
True,37,False,False,False,False,3,7409,True,True,True,True,False,False,True,False,False,False,False,0
False,23,False,False,False,True,4,1246,True,False,True,False,False,False,False,False,True,False,False,1
False,27,False,False,False,True,4,14027,True,True,True,False,True,False,False,False,False,False,True,1
True,26,False,False,False,True,2,2764,False,True,True,True,False,False,False,False,False,False,False,0
True,36,False,False,False,False,4,909,True,True,True,False,False,False,False,False,False,False,False,0
False,26,False,False,False,True,2,3414,True,True,True,True,False,False,False,True,True,False,False,1
True,55,False,False,False,False,3,1413,True,True,True,False,True,True,False,False,False,False,False,0
False,43,False,False,False,True,3,4057,False,True,True,False,True,False,False,False,False,False,False,1
False,63,False,False,True,True,4,781,True,True,True,False,False,False,False,False,False,False,True,0
True,34,False,False,False,False,1,1743,True,True,True,True,False,False,False,False,False,False,False,0
False,30,False,False,False,True,2,4455,False,False,True,True,False,False,False,False,False,False,False,1
False,40,False,False,False,True,4,7374,True,False,True,False,False,False,False,False,False,True,False,0
True,23,False,False,False,True,1,1236,False,True,True,True,False,False,False,False,True,False,False,0
False,31,False,False,False,True,1,1957,False,True,True,False,True,False,False,True,False,False,False,0
True,35,False,False,False,False,3,1592,False,True,True,False,True,True,False,False,False,False,False,0
True,24,False,False,False,False,3,1568,False,True,True,True,False,False,False,False,False,False,False,0
True,27,False,False,False,True,2,8648,True,False,True,True,False,False,False,False,True,False,False,1
True,46,False,False,False,False,4,2476,True,True,True,False,False,False,True,False,False,False,False,0
False,25,False,False,False,False,1,3213,False,True,True,False,False,False,False,False,True,False,False,0
False,30,False,False,False,True,4,2121,True,True,True,False,False,False,False,True,False,False,False,0
False,26,False,False,True,True,2,1925,True,True,True,False,False,False,False,False,False,False,False,0
True,68,False,False,False,False,2,6761,True,True,True,False,False,False,True,False,False,False,False,1
True,21,False,False,False,True,1,1766,False,True,True,False,False,False,False,False,False,False,False,0
False,39,False,False,False,True,4,10297,True,False,True,False,True,False,False,True,False,False,True,1
True,50,True,False,False,True,4,1559,True,False,True,True,True,False,False,False,False,False,False,0
False,37,False,False,True,True,2,1225,True,True,True,True,False,False,False,False,False,False,False,0
False,26,False,False,True,True,2,2687,True,True,True,True,True,False,False,False,False,False,False,0
False,22,False,False,False,True,2,5951,False,True,True,False,False,False,False,False,False,False,False,1
False,30,False,False,False,True,4,639,True,True,True,True,False,False,False,False,False,False,False,1
False,25,False,False,False,True,4,1206,False,True,True,False,False,False,False,False,False,False,False,0
False,65,False,False,False,True,4,571,True,True,True,False,False,False,False,True,False,False,False,0
False,35,False,False,False,False,2,3976,True,True,True,False,True,False,True,False,False,False,False,0
True,54,False,False,False,False,2,4591,True,True,True,True,False,True,False,False,False,False,False,1
False,27,False,False,False,True,4,2820,False,True,True,False,False,False,False,False,True,False,False,1
False,48,True,False,False,False,2,12204,True,False,True,True,False,False,True,False,False,False,False,0
False,24,False,False,False,True,3,4308,False,True,True,True,False,False,False,True,True,False,False,1
True,37,False,False,False,False,2,3565,True,True,True,True,False,False,True,False,True,False,False,0
False,63,False,False,False,True,3,6836,True,True,True,True,False,False,False,True,False,False,True,1
True,30,False,False,False,True,4,707,True,False,True,False,False,False,False,False,False,False,False,0
True,45,False,False,False,True,2,10875,True,True,True,False,False,False,False,False,False,False,False,0
False,31,True,False,False,True,2,1410,True,True,True,True,False,False,False,False,False,False,False,0
False,23,False,False,False,True,2,15672,True,True,True,True,False,False,False,False,False,False,False,1
True,32,False,False,False,True,3,4594,True,True,True,False,False,False,False,False,True,False,False,0
True,38,False,False,False,False,4,2859,True,True,True,False,False,False,True,False,False,True,True,0
False,25,False,False,True,True,2,2327,False,True,True,False,False,False,False,False,True,False,False,1
True,28,False,False,False,False,2,2603,False,True,True,False,False,True,False,False,False,False,False,0
True,36,False,False,False,False,4,700,True,True,True,False,False,False,True,False,False,False,True,0
False,27,False,False,False,False,4,1924,False,True,True,False,False,False,True,False,True,False,False,1
False,36,False,False,False,False,4,2181,True,True,True,False,False,False,True,False,False,False,False,0
True,43,False,False,False,False,4,1516,False,True,True,False,False,True,False,False,False,False,False,0
False,26,False,False,False,True,4,1201,True,True,True,False,False,False,False,False,True,False,False,0
True,45,False,False,False,False,4,1287,True,True,False,False,False,False,True,False,False,False,False,0
False,67,False,False,False,True,2,3872,False,True,True,True,False,False,False,False,False,True,False,0
True,64,False,False,False,False,2,1409,False,True,True,False,False,False,False,False,False,True,False,0
True,65,False,False,False,True,4,1098,False,True,True,False,False,False,False,False,False,True,False,0
False,33,False,False,False,True,4,1245,False,True,True,False,False,False,False,False,False,False,False,1
False,40,True,False,False,False,4,1647,True,True,True,False,False,False,True,True,False,False,False,1
False,41,False,False,False,False,4,2503,True,False,True,True,False,False,False,False,False,False,False,0
True,32,False,False,False,True,1,4611,False,True,True,False,False,False,False,False,True,False,False,1
False,52,False,False,False,True,3,2315,True,True,True,False,False,False,False,True,False,False,False,0
False,34,False,False,False,True,2,2910,True,True,True,False,True,False,False,True,False,False,True,0
True,31,False,False,False,True,3,1736,False,True,True,False,True,False,False,False,False,False,False,0
False,30,False,False,False,False,1,7721,False,True,True,False,False,False,True,True,True,False,False,0
False,28,False,False,False,False,4,1887,False,False,True,True,False,False,True,False,False,False,False,0
False,25,False,False,False,True,3,1835,False,True,True,False,False,False,False,True,False,False,False,1
False,49,False,False,False,False,2,1262,False,True,True,False,False,False,True,True,False,False,False,0
False,31,False,False,False,False,1,1449,False,False,True,True,False,False,False,False,False,False,False,0
False,30,False,False,False,False,4,2249,True,True,True,False,True,False,False,True,False,False,False,0
True,41,False,False,False,False,2,250,False,False,True,False,False,True,False,False,False,False,False,0
False,30,False,False,False,True,1,5965,True,True,True,False,False,False,False,False,False,False,False,0
False,34,False,False,False,True,3,2064,False,True,True,False,False,False,False,False,False,True,False,1
True,37,False,False,False,False,4,2279,True,True,True,False,False,False,True,False,False,False,True,0
False,22,False,False,False,False,4,1007,False,True,True,False,False,True,False,False,False,False,False,0
True,46,False,False,False,False,4,730,True,True,True,False,False,False,True,False,False,False,False,0
False,31,False,False,False,True,2,3108,False,True,True,False,False,False,False,True,True,False,False,1
False,22,False,True,False,False,4,1514,True,True,False,True,False,False,False,False,False,False,False,0
False,70,False,False,False,True,2,7308,True,False,True,False,False,False,False,False,False,True,True,0
True,44,False,False,False,False,4,2375,True,True,True,True,False,False,False,False,False,False,False,0
True,27,False,True,False,False,4,1309,True,True,False,False,False,False,True,False,False,False,False,1
True,54,False,False,False,False,4,717,False,True,True,False,False,False,True,False,False,False,False,0
False,49,False,False,True,False,2,1126,False,True,True,False,False,False,False,False,False,False,False,0
True,32,False,False,False,True,1,2697,True,True,True,False,False,False,False,False,False,False,False,0
True,29,False,True,False,True,4,1412,False,True,False,True,False,False,False,False,False,False,False,0
True,22,False,False,False,True,3,433,False,True,False,False,False,False,False,False,False,True,False,1
False,44,False,False,True,True,2,1881,False,True,True,False,False,False,False,False,False,False,False,0
False,26,False,False,False,True,2,8229,True,True,True,False,False,False,False,True,False,False,False,1
True,50,False,False,False,False,4,2390,True,True,True,False,False,False,True,False,False,False,False,0
False,33,False,False,False,False,1,2359,False,True,True,False,False,False,False,True,False,True,False,1
False,42,False,False,False,True,4,3446,True,True,True,False,False,False,False,True,False,False,False,1
False,28,True,False,False,False,3,2278,False,True,True,False,False,False,False,False,True,False,False,1
True,23,False,False,False,False,3,3488,False,True,True,False,True,False,False,False,False,False,False,0
False,28,False,False,False,True,4,654,True,True,True,False,False,False,False,True,False,False,False,1
True,51,False,False,False,False,4,3342,True,True,True,False,False,False,True,False,False,False,False,0
False,21,False,False,False,False,2,3441,False,True,False,False,False,False,False,False,False,False,False,1
False,31,False,False,False,False,2,7582,True,True,True,True,False,False,False,False,False,True,True,0
False,23,False,False,False,False,3,1553,False,True,True,False,True,False,False,False,False,False,False,0
True,37,False,False,False,False,4,10222,True,False,True,False,True,False,True,False,False,False,False,0
False,25,False,False,False,False,1,2762,False,False,True,False,False,False,True,False,False,False,False,1
False,23,False,False,False,True,1,11560,False,True,True,False,False,False,False,False,False,False,False,1
False,31,False,False,True,True,4,4473,True,True,True,False,False,False,False,False,False,False,False,0
False,34,False,False,False,True,1,11998,False,True,True,True,False,False,False,True,True,False,True,1
False,32,False,False,False,True,4,1938,False,True,True,False,False,False,False,True,True,False,False,1
False,27,False,False,False,False,2,2132,False,True,False,False,False,False,True,True,True,False,False,0
False,55,True,False,False,True,1,9283,True,False,True,False,False,False,False,False,False,True,True,0
False,30,False,False,False,False,4,7174,False,True,True,False,True,False,True,True,False,False,False,1
False,66,False,False,True,False,2,1480,True,False,True,False,False,False,False,False,False,True,True,0
False,26,True,False,True,True,4,609,False,True,True,True,False,False,False,False,True,False,False,1
False,28,True,False,False,True,4,6199,True,True,True,False,False,False,False,True,False,False,False,1
False,35,False,False,False,True,4,1050,True,False,True,False,False,False,False,False,False,True,False,0
False,30,True,False,False,False,4,3349,True,True,True,False,False,False,False,True,True,False,True,1
False,23,False,False,False,True,1,1534,False,True,True,False,False,False,False,False,True,False,False,1
True,31,False,False,False,True,4,1360,True,True,True,False,False,False,False,False,False,False,False,0
True,27,True,False,False,True,4,2613,True,True,True,True,False,False,False,False,False,False,False,0
False,50,False,False,False,True,4,7476,True,True,True,True,True,False,False,True,False,False,True,0
True,27,False,False,False,False,4,5804,True,True,True,False,False,True,False,False,False,False,False,0
True,52,False,False,False,True,4,717,True,True,True,False,False,False,False,False,False,False,False,0
False,68,False,False,False,True,2,1175,True,True,True,False,False,False,False,False,False,True,False,0
False,31,False,False,False,False,1,9857,True,True,True,True,True,False,False,False,False,False,False,0
False,47,False,False,False,True,2,958,True,True,True,False,True,False,False,False,False,False,False,0
False,55,False,False,False,True,2,1190,False,True,True,True,False,False,False,True,False,True,True,1
False,39,False,False,False,False,1,932,False,True,True,True,True,False,True,False,False,False,False,0
False,48,False,False,False,True,4,1743,True,True,True,False,False,False,False,False,False,False,False,0
False,36,False,False,True,False,2,1275,False,True,True,True,False,True,False,False,False,False,False,0
True,35,False,False,False,False,3,2753,True,True,False,False,False,False,False,False,False,False,False,0
True,24,False,False,False,False,1,2080,False,True,True,False,False,False,False,False,False,False,False,0
True,27,False,False,False,False,4,7980,True,True,True,True,False,False,True,False,True,False,False,1
False,31,False,False,False,False,4,6350,True,True,True,False,False,False,True,True,False,False,False,1
False,46,False,False,False,True,4,6331,True,True,True,False,False,False,False,True,False,False,True,1
True,52,False,False,False,False,4,362,False,True,True,False,False,False,False,False,False,False,False,0
False,39,False,False,False,True,2,1188,False,True,True,True,False,False,False,False,False,False,False,1
False,66,False,False,True,True,4,1908,True,True,True,True,False,False,False,False,False,False,False,1
False,63,False,False,False,True,4,2957,True,True,True,False,False,False,False,True,False,False,False,0
True,36,False,False,False,True,2,1542,True,True,True,True,True,False,False,False,False,False,False,0
False,44,False,False,False,True,4,1478,True,True,True,False,False,False,False,True,False,False,False,0
False,45,True,False,False,True,4,339,False,False,True,True,False,False,False,True,False,False,False,0
False,26,False,False,True,True,4,4210,True,True,True,False,False,False,False,False,False,False,False,1
True,27,False,False,False,True,3,1185,False,True,True,True,False,False,False,False,False,False,False,0
False,52,False,False,False,False,2,6468,True,True,True,False,False,False,True,False,False,True,True,1
False,22,False,False,False,True,4,276,False,True,True,False,False,False,False,False,False,False,False,0
False,20,False,False,True,False,4,3617,True,True,False,False,False,False,True,False,False,False,True,0
True,26,False,False,False,True,2,1934,True,True,True,False,False,False,False,False,False,False,True,0
False,23,False,False,False,True,4,1498,False,False,True,False,False,False,False,True,False,False,False,0
True,22,False,False,False,False,2,2301,False,True,True,False,False,False,False,False,True,False,False,0
True,30,False,False,False,True,2,1820,False,True,True,False,False,False,False,False,False,False,False,0
False,44,False,False,False,True,2,6204,True,True,True,True,False,False,False,False,False,False,False,0
True,22,False,False,False,True,4,1808,False,True,True,False,True,False,False,False,False,False,False,1
False,35,True,False,False,True,4,1198,False,True,True,True,False,False,False,True,False,False,True,1
True,34,True,False,False,True,2,2759,True,True,True,False,False,False,False,False,False,False,False,0
False,28,False,False,True,False,4,939,False,True,True,False,True,False,False,False,False,False,False,1
False,25,False,True,False,True,2,4933,True,True,False,False,True,False,False,False,False,False,False,1
False,29,False,False,False,True,2,2629,True,False,True,True,False,False,False,False,False,False,False,0
False,44,False,False,False,True,4,12579,False,True,True,False,False,False,False,False,False,False,True,1
True,36,False,False,False,False,3,846,True,True,True,False,False,False,True,False,False,False,True,0
False,47,False,False,False,True,4,1217,False,True,True,True,False,False,False,True,False,False,False,1
False,45,False,True,False,True,1,2329,False,True,False,False,False,False,False,False,True,False,False,0
False,43,False,False,False,True,4,1333,True,True,True,False,False,False,False,True,False,True,False,1
False,24,False,False,False,False,1,8487,False,True,True,False,True,False,True,False,False,False,False,0
False,46,False,False,True,True,1,2251,False,True,True,False,False,False,False,False,False,False,False,0
False,23,False,False,False,True,4,1216,False,True,True,False,False,False,False,True,True,False,False,1
